INSERT INTO departments (dept_name)
VALUES ("Reception"),
       ("Human Resources"),
       ("Management"),
       ("Design"),
       ("Production"),
       ("Marketing"),
       ("Sales"),
       ("Warehouse");
       
INSERT INTO roles (role_name, dept, salary)
VALUES ("Receptionist", "Management", 44500),
       ("HR Manager", "Human Resources", 62000),
       ("General Manager", "null", 82500),
       ("Assistant Manager", "Management", 66500),
       ("Associate", "Management", 52400),
       ("Intern", "Management", 32500),
       ("Art Director", "Design", 71800),
       ("Designer", "Design", 60500),
       ("Production Coordinator", "Production", 64500),
       ("Production Assistant", "Production", 42000),
       ("Marketing Director", "Marketing", 62500),
       ("Social Media Coordinator", "Marketing", 47000),
       ("Head of Sales", "Sales", 75000),
       ("Sales Manager", "Sales", 59000),
       ("Warehouse Manager", "Warehouse", 57500),
       ("Warehouse Clerk", "Warehouse", 37500);

INSERT INTO employees (first_name, last_name, role_name, dept, salary, manager)
VALUES ("David", "Dyer", "Art Director", "Design", 71800, "Joey Gonzales"),
       ("Erica", "Collette", "Receptionist", "Reception", 44500, "Joey Gonzales"),
       ("Maya", "Randolph", "HR Manager", "Human Resources", 62000, "Joey Gonzales"),
       ("Joey", "Gonzales", "General Manager", "Management", 82500, "null"),
       ("Dillon", "Jones", "Assistant Manager", "Management", 66500, "Joey Gonzales"),
       ("Josh", "Vides", "Associate", "Management", 52400, "Dillon Jones"),
       ("Jasmin", "Ortega", "Associate", "Management", 52400, "Dillon Jones"),
       ("Alex", "Campos", "Intern", "null", 32500, "Dillon Jones"),
       ("Eddie", "Ramirez", "Designer", "Design", 60500, "David Dyer"),
       ("Kaylee", "MacLeod", "Designer", "Design", 60500, "David Dyer"),
       ("Nilo", "Laguerta", "Production Coordinator", "Production", 64500, "Joey Gonzales"),
       ("Robert", "Velasquez", "Production Assistant", "Production", 42000, "Ronald Ortiz"),
       ("Nick", "Miller", "Production Assistant", "Production", 42000, "Ronald Ortiz"),
       ("Kathryn", "Weigel", "Marketing Director", "Marketing", 62500, "Joey Gonzales"),
       ("Julie", "Suarez", "Social Media Coordinator", "Marketing", 47000, "Kathryn Weigel"),
       ("Scotty", "Litel", "Head of Sales", "Sales", 75000, "Joey Gonzales"),
       ("Mike", "Franklin", "Sales Manager", "Sales", 59000, "Scotty Litel"),
       ("Nathan", "Hayes", "Sales Manager", "Sales", 59000, "Scotty Litel"),
       ("Ronald", "Ortiz", "Warehouse Manager", "Warehouse", 57500, "Joey Gonzales"),
       ("Bill", "Cramer", "Warehouse Clerk", "Warehouse", 37500, "Ronald Ortiz"),
       ("Tony", "Rodriguez", "Warehouse Clerk", "Warehouse", 37500, "Ronald Ortiz");
